{"cameraMode":{"drawMode":0,"name":"Shaded","section":"Shading Mode"},"sceneLighting":true,"audioPlay":false,"sceneViewState":{"showFog":true,"showMaterialUpdate":false,"showSkybox":true,"showFlares":true,"showImageEffects":true,"showParticleSystems":true},"in2DMode":false,"pivot":{"x":0.24448734521865846,"y":-2.627629041671753,"z":-3.3205363750457765},"rotation":{"x":-0.0004475765163078904,"y":0.9544443488121033,"z":-0.29838472604751589,"w":-0.0014316580491140485},"size":4.176371097564697,"orthographic":true}